name,title,level,facing,categories,description,detail,remediation,metadata,cache_key
function_search_path_mutable,Function Search Path Mutable,WARN,EXTERNAL,"[""SECURITY""]",Detects functions where the search_path parameter is not set.,Function \`public.current_tenant_id\` has a role mutable search_path,https://supabase.com/docs/guides/database/database-linter?lint=0011_function_search_path_mutable,"{""name"":""current_tenant_id"",""type"":""function"",""schema"":""public""}",function_search_path_mutable_public_current_tenant_id_be4c595bbfa193dd544a902e8691ddc9
function_search_path_mutable,Function Search Path Mutable,WARN,EXTERNAL,"[""SECURITY""]",Detects functions where the search_path parameter is not set.,Function \`public.normalize_customer_alias\` has a role mutable search_path,https://supabase.com/docs/guides/database/database-linter?lint=0011_function_search_path_mutable,"{""name"":""normalize_customer_alias"",""type"":""function"",""schema"":""public""}",function_search_path_mutable_public_normalize_customer_alias_70f6acc6b3ee70e21facc64f59f86ff5
function_search_path_mutable,Function Search Path Mutable,WARN,EXTERNAL,"[""SECURITY""]",Detects functions where the search_path parameter is not set.,Function \`public.rebuild_ticket_entity_links\` has a role mutable search_path,https://supabase.com/docs/guides/database/database-linter?lint=0011_function_search_path_mutable,"{""name"":""rebuild_ticket_entity_links"",""type"":""function"",""schema"":""public""}",function_search_path_mutable_public_rebuild_ticket_entity_links_74913ca9bf6039b188fb0327e43c0563
function_search_path_mutable,Function Search Path Mutable,WARN,EXTERNAL,"[""SECURITY""]",Detects functions where the search_path parameter is not set.,Function \`public.set_updated_at\` has a role mutable search_path,https://supabase.com/docs/guides/database/database-linter?lint=0011_function_search_path_mutable,"{""name"":""set_updated_at"",""type"":""function"",""schema"":""public""}",function_search_path_mutable_public_set_updated_at_204b9b9355e61b7541bc0633bbc9294c
rls_policy_always_true,RLS Policy Always True,WARN,EXTERNAL,"[""SECURITY""]","Detects RLS policies that use overly permissive expressions like \`USING (true)\` or \`WITH CHECK (true)\` for UPDATE, DELETE, or INSERT operations. SELECT policies with \`USING (true)\` are intentionally excluded as this pattern is often used deliberately for public read access.",Table `public.customer_aliases` has an RLS policy `authenticated delete customer aliases` for `DELETE` that allows unrestricted access (USING clause is always true). This effectively bypasses row-level security for authenticated.,https://supabase.com/docs/guides/database/database-linter?lint=0024_permissive_rls_policy,"{""name"":""customer_aliases"",""qual"":""true"",""type"":""table"",""roles"":[""authenticated""],""schema"":""public"",""command"":""DELETE"",""with_check"":null,""policy_name"":""authenticated delete customer aliases"",""permissive_using"":true,""permissive_with_check"":false}",rls_policy_always_true_public_customer_aliases_authenticated delete customer aliases
rls_policy_always_true,RLS Policy Always True,WARN,EXTERNAL,"[""SECURITY""]","Detects RLS policies that use overly permissive expressions like \`USING (true)\` or \`WITH CHECK (true)\` for UPDATE, DELETE, or INSERT operations. SELECT policies with \`USING (true)\` are intentionally excluded as this pattern is often used deliberately for public read access.",Table `public.customer_aliases` has an RLS policy `authenticated insert customer aliases` for `INSERT` that allows unrestricted access (WITH CHECK clause is always true). This effectively bypasses row-level security for authenticated.,https://supabase.com/docs/guides/database/database-linter?lint=0024_permissive_rls_policy,"{""name"":""customer_aliases"",""qual"":null,""type"":""table"",""roles"":[""authenticated""],""schema"":""public"",""command"":""INSERT"",""with_check"":""true"",""policy_name"":""authenticated insert customer aliases"",""permissive_using"":false,""permissive_with_check"":true}",rls_policy_always_true_public_customer_aliases_authenticated insert customer aliases
rls_policy_always_true,RLS Policy Always True,WARN,EXTERNAL,"[""SECURITY""]","Detects RLS policies that use overly permissive expressions like \`USING (true)\` or \`WITH CHECK (true)\` for UPDATE, DELETE, or INSERT operations. SELECT policies with \`USING (true)\` are intentionally excluded as this pattern is often used deliberately for public read access.",Table `public.customer_aliases` has an RLS policy `authenticated update customer aliases` for `UPDATE` that allows unrestricted access (both USING and WITH CHECK are always true). This effectively bypasses row-level security for authenticated.,https://supabase.com/docs/guides/database/database-linter?lint=0024_permissive_rls_policy,"{""name"":""customer_aliases"",""qual"":""true"",""type"":""table"",""roles"":[""authenticated""],""schema"":""public"",""command"":""UPDATE"",""with_check"":""true"",""policy_name"":""authenticated update customer aliases"",""permissive_using"":true,""permissive_with_check"":true}",rls_policy_always_true_public_customer_aliases_authenticated update customer aliases
rls_policy_always_true,RLS Policy Always True,WARN,EXTERNAL,"[""SECURITY""]","Detects RLS policies that use overly permissive expressions like \`USING (true)\` or \`WITH CHECK (true)\` for UPDATE, DELETE, or INSERT operations. SELECT policies with \`USING (true)\` are intentionally excluded as this pattern is often used deliberately for public read access.",Table `public.download_resources` has an RLS policy `download_resources_delete` for `DELETE` that allows unrestricted access (USING clause is always true). This effectively bypasses row-level security for -.,https://supabase.com/docs/guides/database/database-linter?lint=0024_permissive_rls_policy,"{""name"":""download_resources"",""qual"":""true"",""type"":""table"",""roles"":[""-""],""schema"":""public"",""command"":""DELETE"",""with_check"":null,""policy_name"":""download_resources_delete"",""permissive_using"":true,""permissive_with_check"":false}",rls_policy_always_true_public_download_resources_download_resources_delete
rls_policy_always_true,RLS Policy Always True,WARN,EXTERNAL,"[""SECURITY""]","Detects RLS policies that use overly permissive expressions like \`USING (true)\` or \`WITH CHECK (true)\` for UPDATE, DELETE, or INSERT operations. SELECT policies with \`USING (true)\` are intentionally excluded as this pattern is often used deliberately for public read access.",Table `public.download_resources` has an RLS policy `download_resources_insert` for `INSERT` that allows unrestricted access (WITH CHECK clause is always true). This effectively bypasses row-level security for -.,https://supabase.com/docs/guides/database/database-linter?lint=0024_permissive_rls_policy,"{""name"":""download_resources"",""qual"":null,""type"":""table"",""roles"":[""-""],""schema"":""public"",""command"":""INSERT"",""with_check"":""true"",""policy_name"":""download_resources_insert"",""permissive_using"":false,""permissive_with_check"":true}",rls_policy_always_true_public_download_resources_download_resources_insert
rls_policy_always_true,RLS Policy Always True,WARN,EXTERNAL,"[""SECURITY""]","Detects RLS policies that use overly permissive expressions like \`USING (true)\` or \`WITH CHECK (true)\` for UPDATE, DELETE, or INSERT operations. SELECT policies with \`USING (true)\` are intentionally excluded as this pattern is often used deliberately for public read access.",Table `public.download_resources` has an RLS policy `download_resources_update` for `UPDATE` that allows unrestricted access (both USING and WITH CHECK are always true). This effectively bypasses row-level security for -.,https://supabase.com/docs/guides/database/database-linter?lint=0024_permissive_rls_policy,"{""name"":""download_resources"",""qual"":""true"",""type"":""table"",""roles"":[""-""],""schema"":""public"",""command"":""UPDATE"",""with_check"":""true"",""policy_name"":""download_resources_update"",""permissive_using"":true,""permissive_with_check"":true}",rls_policy_always_true_public_download_resources_download_resources_update
rls_policy_always_true,RLS Policy Always True,WARN,EXTERNAL,"[""SECURITY""]","Detects RLS policies that use overly permissive expressions like \`USING (true)\` or \`WITH CHECK (true)\` for UPDATE, DELETE, or INSERT operations. SELECT policies with \`USING (true)\` are intentionally excluded as this pattern is often used deliberately for public read access.",Table `public.manuals` has an RLS policy `manuals_insert_authenticated` for `INSERT` that allows unrestricted access (WITH CHECK clause is always true). This effectively bypasses row-level security for authenticated.,https://supabase.com/docs/guides/database/database-linter?lint=0024_permissive_rls_policy,"{""name"":""manuals"",""qual"":null,""type"":""table"",""roles"":[""authenticated""],""schema"":""public"",""command"":""INSERT"",""with_check"":""true"",""policy_name"":""manuals_insert_authenticated"",""permissive_using"":false,""permissive_with_check"":true}",rls_policy_always_true_public_manuals_manuals_insert_authenticated
rls_policy_always_true,RLS Policy Always True,WARN,EXTERNAL,"[""SECURITY""]","Detects RLS policies that use overly permissive expressions like \`USING (true)\` or \`WITH CHECK (true)\` for UPDATE, DELETE, or INSERT operations. SELECT policies with \`USING (true)\` are intentionally excluded as this pattern is often used deliberately for public read access.",Table `public.manuals` has an RLS policy `manuals_update_authenticated` for `UPDATE` that allows unrestricted access (both USING and WITH CHECK are always true). This effectively bypasses row-level security for authenticated.,https://supabase.com/docs/guides/database/database-linter?lint=0024_permissive_rls_policy,"{""name"":""manuals"",""qual"":""true"",""type"":""table"",""roles"":[""authenticated""],""schema"":""public"",""command"":""UPDATE"",""with_check"":""true"",""policy_name"":""manuals_update_authenticated"",""permissive_using"":true,""permissive_with_check"":true}",rls_policy_always_true_public_manuals_manuals_update_authenticated
rls_policy_always_true,RLS Policy Always True,WARN,EXTERNAL,"[""SECURITY""]","Detects RLS policies that use overly permissive expressions like \`USING (true)\` or \`WITH CHECK (true)\` for UPDATE, DELETE, or INSERT operations. SELECT policies with \`USING (true)\` are intentionally excluded as this pattern is often used deliberately for public read access.",Table `public.permissions` has an RLS policy `rbac_permissions_write` for `ALL` that allows unrestricted access (both USING and WITH CHECK are always true). This effectively bypasses row-level security for -.,https://supabase.com/docs/guides/database/database-linter?lint=0024_permissive_rls_policy,"{""name"":""permissions"",""qual"":""true"",""type"":""table"",""roles"":[""-""],""schema"":""public"",""command"":""ALL"",""with_check"":""true"",""policy_name"":""rbac_permissions_write"",""permissive_using"":true,""permissive_with_check"":true}",rls_policy_always_true_public_permissions_rbac_permissions_write
rls_policy_always_true,RLS Policy Always True,WARN,EXTERNAL,"[""SECURITY""]","Detects RLS policies that use overly permissive expressions like \`USING (true)\` or \`WITH CHECK (true)\` for UPDATE, DELETE, or INSERT operations. SELECT policies with \`USING (true)\` are intentionally excluded as this pattern is often used deliberately for public read access.",Table `public.role_permissions` has an RLS policy `rbac_role_permissions_write` for `ALL` that allows unrestricted access (both USING and WITH CHECK are always true). This effectively bypasses row-level security for -.,https://supabase.com/docs/guides/database/database-linter?lint=0024_permissive_rls_policy,"{""name"":""role_permissions"",""qual"":""true"",""type"":""table"",""roles"":[""-""],""schema"":""public"",""command"":""ALL"",""with_check"":""true"",""policy_name"":""rbac_role_permissions_write"",""permissive_using"":true,""permissive_with_check"":true}",rls_policy_always_true_public_role_permissions_rbac_role_permissions_write
rls_policy_always_true,RLS Policy Always True,WARN,EXTERNAL,"[""SECURITY""]","Detects RLS policies that use overly permissive expressions like \`USING (true)\` or \`WITH CHECK (true)\` for UPDATE, DELETE, or INSERT operations. SELECT policies with \`USING (true)\` are intentionally excluded as this pattern is often used deliberately for public read access.",Table `public.roles` has an RLS policy `rbac_roles_write` for `ALL` that allows unrestricted access (both USING and WITH CHECK are always true). This effectively bypasses row-level security for -.,https://supabase.com/docs/guides/database/database-linter?lint=0024_permissive_rls_policy,"{""name"":""roles"",""qual"":""true"",""type"":""table"",""roles"":[""-""],""schema"":""public"",""command"":""ALL"",""with_check"":""true"",""policy_name"":""rbac_roles_write"",""permissive_using"":true,""permissive_with_check"":true}",rls_policy_always_true_public_roles_rbac_roles_write
rls_policy_always_true,RLS Policy Always True,WARN,EXTERNAL,"[""SECURITY""]","Detects RLS policies that use overly permissive expressions like \`USING (true)\` or \`WITH CHECK (true)\` for UPDATE, DELETE, or INSERT operations. SELECT policies with \`USING (true)\` are intentionally excluded as this pattern is often used deliberately for public read access.",Table `public.tenant_user_scopes` has an RLS policy `rbac_user_scopes_write` for `ALL` that allows unrestricted access (both USING and WITH CHECK are always true). This effectively bypasses row-level security for -.,https://supabase.com/docs/guides/database/database-linter?lint=0024_permissive_rls_policy,"{""name"":""tenant_user_scopes"",""qual"":""true"",""type"":""table"",""roles"":[""-""],""schema"":""public"",""command"":""ALL"",""with_check"":""true"",""policy_name"":""rbac_user_scopes_write"",""permissive_using"":true,""permissive_with_check"":true}",rls_policy_always_true_public_tenant_user_scopes_rbac_user_scopes_write
rls_policy_always_true,RLS Policy Always True,WARN,EXTERNAL,"[""SECURITY""]","Detects RLS policies that use overly permissive expressions like \`USING (true)\` or \`WITH CHECK (true)\` for UPDATE, DELETE, or INSERT operations. SELECT policies with \`USING (true)\` are intentionally excluded as this pattern is often used deliberately for public read access.",Table `public.tenant_users` has an RLS policy `Allow public insert tenant users` for `INSERT` that allows unrestricted access (WITH CHECK clause is always true). This effectively bypasses row-level security for -.,https://supabase.com/docs/guides/database/database-linter?lint=0024_permissive_rls_policy,"{""name"":""tenant_users"",""qual"":null,""type"":""table"",""roles"":[""-""],""schema"":""public"",""command"":""INSERT"",""with_check"":""true"",""policy_name"":""Allow public insert tenant users"",""permissive_using"":false,""permissive_with_check"":true}",rls_policy_always_true_public_tenant_users_Allow public insert tenant users
rls_policy_always_true,RLS Policy Always True,WARN,EXTERNAL,"[""SECURITY""]","Detects RLS policies that use overly permissive expressions like \`USING (true)\` or \`WITH CHECK (true)\` for UPDATE, DELETE, or INSERT operations. SELECT policies with \`USING (true)\` are intentionally excluded as this pattern is often used deliberately for public read access.",Table `public.ticket_attachments` has an RLS policy `ticket attachments table delete authenticated` for `DELETE` that allows unrestricted access (USING clause is always true). This effectively bypasses row-level security for authenticated.,https://supabase.com/docs/guides/database/database-linter?lint=0024_permissive_rls_policy,"{""name"":""ticket_attachments"",""qual"":""true"",""type"":""table"",""roles"":[""authenticated""],""schema"":""public"",""command"":""DELETE"",""with_check"":null,""policy_name"":""ticket attachments table delete authenticated"",""permissive_using"":true,""permissive_with_check"":false}",rls_policy_always_true_public_ticket_attachments_ticket attachments table delete authenticated
rls_policy_always_true,RLS Policy Always True,WARN,EXTERNAL,"[""SECURITY""]","Detects RLS policies that use overly permissive expressions like \`USING (true)\` or \`WITH CHECK (true)\` for UPDATE, DELETE, or INSERT operations. SELECT policies with \`USING (true)\` are intentionally excluded as this pattern is often used deliberately for public read access.",Table `public.ticket_attachments` has an RLS policy `ticket attachments table insert authenticated` for `INSERT` that allows unrestricted access (WITH CHECK clause is always true). This effectively bypasses row-level security for authenticated.,https://supabase.com/docs/guides/database/database-linter?lint=0024_permissive_rls_policy,"{""name"":""ticket_attachments"",""qual"":null,""type"":""table"",""roles"":[""authenticated""],""schema"":""public"",""command"":""INSERT"",""with_check"":""true"",""policy_name"":""ticket attachments table insert authenticated"",""permissive_using"":false,""permissive_with_check"":true}",rls_policy_always_true_public_ticket_attachments_ticket attachments table insert authenticated
rls_policy_always_true,RLS Policy Always True,WARN,EXTERNAL,"[""SECURITY""]","Detects RLS policies that use overly permissive expressions like \`USING (true)\` or \`WITH CHECK (true)\` for UPDATE, DELETE, or INSERT operations. SELECT policies with \`USING (true)\` are intentionally excluded as this pattern is often used deliberately for public read access.",Table `public.ticket_events` has an RLS policy `Allow public insert ticket events` for `INSERT` that allows unrestricted access (WITH CHECK clause is always true). This effectively bypasses row-level security for -.,https://supabase.com/docs/guides/database/database-linter?lint=0024_permissive_rls_policy,"{""name"":""ticket_events"",""qual"":null,""type"":""table"",""roles"":[""-""],""schema"":""public"",""command"":""INSERT"",""with_check"":""true"",""policy_name"":""Allow public insert ticket events"",""permissive_using"":false,""permissive_with_check"":true}",rls_policy_always_true_public_ticket_events_Allow public insert ticket events
rls_policy_always_true,RLS Policy Always True,WARN,EXTERNAL,"[""SECURITY""]","Detects RLS policies that use overly permissive expressions like \`USING (true)\` or \`WITH CHECK (true)\` for UPDATE, DELETE, or INSERT operations. SELECT policies with \`USING (true)\` are intentionally excluded as this pattern is often used deliberately for public read access.",Table `public.todo_tasks` has an RLS policy `todo_tasks_authenticated_insert` for `INSERT` that allows unrestricted access (WITH CHECK clause is always true). This effectively bypasses row-level security for authenticated.,https://supabase.com/docs/guides/database/database-linter?lint=0024_permissive_rls_policy,"{""name"":""todo_tasks"",""qual"":null,""type"":""table"",""roles"":[""authenticated""],""schema"":""public"",""command"":""INSERT"",""with_check"":""true"",""policy_name"":""todo_tasks_authenticated_insert"",""permissive_using"":false,""permissive_with_check"":true}",rls_policy_always_true_public_todo_tasks_todo_tasks_authenticated_insert
rls_policy_always_true,RLS Policy Always True,WARN,EXTERNAL,"[""SECURITY""]","Detects RLS policies that use overly permissive expressions like \`USING (true)\` or \`WITH CHECK (true)\` for UPDATE, DELETE, or INSERT operations. SELECT policies with \`USING (true)\` are intentionally excluded as this pattern is often used deliberately for public read access.",Table `public.todo_tasks` has an RLS policy `todo_tasks_authenticated_update` for `UPDATE` that allows unrestricted access (both USING and WITH CHECK are always true). This effectively bypasses row-level security for authenticated.,https://supabase.com/docs/guides/database/database-linter?lint=0024_permissive_rls_policy,"{""name"":""todo_tasks"",""qual"":""true"",""type"":""table"",""roles"":[""authenticated""],""schema"":""public"",""command"":""UPDATE"",""with_check"":""true"",""policy_name"":""todo_tasks_authenticated_update"",""permissive_using"":true,""permissive_with_check"":true}",rls_policy_always_true_public_todo_tasks_todo_tasks_authenticated_update
rls_policy_always_true,RLS Policy Always True,WARN,EXTERNAL,"[""SECURITY""]","Detects RLS policies that use overly permissive expressions like \`USING (true)\` or \`WITH CHECK (true)\` for UPDATE, DELETE, or INSERT operations. SELECT policies with \`USING (true)\` are intentionally excluded as this pattern is often used deliberately for public read access.",Table `public.user_permission_overrides` has an RLS policy `rbac_user_overrides_write` for `ALL` that allows unrestricted access (both USING and WITH CHECK are always true). This effectively bypasses row-level security for -.,https://supabase.com/docs/guides/database/database-linter?lint=0024_permissive_rls_policy,"{""name"":""user_permission_overrides"",""qual"":""true"",""type"":""table"",""roles"":[""-""],""schema"":""public"",""command"":""ALL"",""with_check"":""true"",""policy_name"":""rbac_user_overrides_write"",""permissive_using"":true,""permissive_with_check"":true}",rls_policy_always_true_public_user_permission_overrides_rbac_user_overrides_write
public_bucket_allows_listing,Public Bucket Allows Listing,WARN,EXTERNAL,"[""SECURITY""]","Detects public storage buckets with a broad SELECT policy on `storage.objects`, which allows clients to list all files in the bucket.","Public bucket `ticket-attachments` has 1 broad SELECT policy on `storage.objects` (ticket attachments read authenticated), allowing clients to list all files. Public buckets don't need this for object URL access and it may expose more data than intended.",https://supabase.com/docs/guides/database/database-linter?lint=0025_public_bucket_allows_listing,"{""name"":""ticket-attachments"",""type"":""bucket"",""schema"":""storage"",""bucket_id"":""ticket-attachments"",""bucket_name"":""ticket-attachments"",""policy_count"":1,""policy_names"":[""ticket attachments read authenticated""]}",public_bucket_allows_listing_ticket-attachments
anon_security_definer_function_executable,Public Can Execute SECURITY DEFINER Function,WARN,EXTERNAL,"[""SECURITY""]","Detects `SECURITY DEFINER` functions that are callable without signing in. Revoke `EXECUTE`, switch the function to `SECURITY INVOKER`, or move it out of your exposed API schema if it is not meant to be public.",Function `public.rebuild_ticket_entity_links(p_tenant_id uuid)` can be executed by the `anon` role as a `SECURITY DEFINER` function via `/rest/v1/rpc/rebuild_ticket_entity_links`. Revoke `EXECUTE` or switch it to `SECURITY INVOKER` if that is not intentional.,https://supabase.com/docs/guides/database/database-linter?lint=0028_anon_security_definer_function_executable,"{""name"":""rebuild_ticket_entity_links"",""schema"":""public"",""language"":""plpgsql"",""arguments"":""p_tenant_id uuid"",""security_definer"":true}",anon_security_definer_function_executable_public_rebuild_ticket_entity_links_p_tenant_id uuid
authenticated_security_definer_function_executable,Signed-In Users Can Execute SECURITY DEFINER Function,WARN,EXTERNAL,"[""SECURITY""]","Detects `SECURITY DEFINER` functions that are callable by signed-in users. Revoke `EXECUTE`, switch the function to `SECURITY INVOKER`, or move it out of your exposed API schema if signed-in users should not call it.",Function `public.atlas_asset_inventory_can_manage(p_tenant_id uuid)` can be executed by the `authenticated` role as a `SECURITY DEFINER` function via `/rest/v1/rpc/atlas_asset_inventory_can_manage`. Revoke `EXECUTE` or switch it to `SECURITY INVOKER` if that is not intentional.,https://supabase.com/docs/guides/database/database-linter?lint=0029_authenticated_security_definer_function_executable,"{""name"":""atlas_asset_inventory_can_manage"",""schema"":""public"",""language"":""sql"",""arguments"":""p_tenant_id uuid"",""security_definer"":true}",authenticated_security_definer_function_executable_public_atlas_asset_inventory_can_manage_p_tenant_id uuid
authenticated_security_definer_function_executable,Signed-In Users Can Execute SECURITY DEFINER Function,WARN,EXTERNAL,"[""SECURITY""]","Detects `SECURITY DEFINER` functions that are callable by signed-in users. Revoke `EXECUTE`, switch the function to `SECURITY INVOKER`, or move it out of your exposed API schema if signed-in users should not call it.",Function `public.atlas_asset_inventory_can_read(p_tenant_id uuid)` can be executed by the `authenticated` role as a `SECURITY DEFINER` function via `/rest/v1/rpc/atlas_asset_inventory_can_read`. Revoke `EXECUTE` or switch it to `SECURITY INVOKER` if that is not intentional.,https://supabase.com/docs/guides/database/database-linter?lint=0029_authenticated_security_definer_function_executable,"{""name"":""atlas_asset_inventory_can_read"",""schema"":""public"",""language"":""sql"",""arguments"":""p_tenant_id uuid"",""security_definer"":true}",authenticated_security_definer_function_executable_public_atlas_asset_inventory_can_read_p_tenant_id uuid
authenticated_security_definer_function_executable,Signed-In Users Can Execute SECURITY DEFINER Function,WARN,EXTERNAL,"[""SECURITY""]","Detects `SECURITY DEFINER` functions that are callable by signed-in users. Revoke `EXECUTE`, switch the function to `SECURITY INVOKER`, or move it out of your exposed API schema if signed-in users should not call it.",Function `public.atlas_asset_inventory_current_role(p_tenant_id uuid)` can be executed by the `authenticated` role as a `SECURITY DEFINER` function via `/rest/v1/rpc/atlas_asset_inventory_current_role`. Revoke `EXECUTE` or switch it to `SECURITY INVOKER` if that is not intentional.,https://supabase.com/docs/guides/database/database-linter?lint=0029_authenticated_security_definer_function_executable,"{""name"":""atlas_asset_inventory_current_role"",""schema"":""public"",""language"":""sql"",""arguments"":""p_tenant_id uuid"",""security_definer"":true}",authenticated_security_definer_function_executable_public_atlas_asset_inventory_current_role_p_tenant_id uuid
authenticated_security_definer_function_executable,Signed-In Users Can Execute SECURITY DEFINER Function,WARN,EXTERNAL,"[""SECURITY""]","Detects `SECURITY DEFINER` functions that are callable by signed-in users. Revoke `EXECUTE`, switch the function to `SECURITY INVOKER`, or move it out of your exposed API schema if signed-in users should not call it.",Function `public.atlas_asset_systems_validate_tenant_refs()` can be executed by the `authenticated` role as a `SECURITY DEFINER` function via `/rest/v1/rpc/atlas_asset_systems_validate_tenant_refs`. Revoke `EXECUTE` or switch it to `SECURITY INVOKER` if that is not intentional.,https://supabase.com/docs/guides/database/database-linter?lint=0029_authenticated_security_definer_function_executable,"{""name"":""atlas_asset_systems_validate_tenant_refs"",""schema"":""public"",""language"":""plpgsql"",""arguments"":"""",""security_definer"":true}",authenticated_security_definer_function_executable_public_atlas_asset_systems_validate_tenant_refs_
authenticated_security_definer_function_executable,Signed-In Users Can Execute SECURITY DEFINER Function,WARN,EXTERNAL,"[""SECURITY""]","Detects `SECURITY DEFINER` functions that are callable by signed-in users. Revoke `EXECUTE`, switch the function to `SECURITY INVOKER`, or move it out of your exposed API schema if signed-in users should not call it.",Function `public.atlas_contract_budget_validate_contract()` can be executed by the `authenticated` role as a `SECURITY DEFINER` function via `/rest/v1/rpc/atlas_contract_budget_validate_contract`. Revoke `EXECUTE` or switch it to `SECURITY INVOKER` if that is not intentional.,https://supabase.com/docs/guides/database/database-linter?lint=0029_authenticated_security_definer_function_executable,"{""name"":""atlas_contract_budget_validate_contract"",""schema"":""public"",""language"":""plpgsql"",""arguments"":"""",""security_definer"":true}",authenticated_security_definer_function_executable_public_atlas_contract_budget_validate_contract_
authenticated_security_definer_function_executable,Signed-In Users Can Execute SECURITY DEFINER Function,WARN,EXTERNAL,"[""SECURITY""]","Detects `SECURITY DEFINER` functions that are callable by signed-in users. Revoke `EXECUTE`, switch the function to `SECURITY INVOKER`, or move it out of your exposed API schema if signed-in users should not call it.",Function `public.atlas_contract_catalog_can_manage(p_tenant_id uuid)` can be executed by the `authenticated` role as a `SECURITY DEFINER` function via `/rest/v1/rpc/atlas_contract_catalog_can_manage`. Revoke `EXECUTE` or switch it to `SECURITY INVOKER` if that is not intentional.,https://supabase.com/docs/guides/database/database-linter?lint=0029_authenticated_security_definer_function_executable,"{""name"":""atlas_contract_catalog_can_manage"",""schema"":""public"",""language"":""sql"",""arguments"":""p_tenant_id uuid"",""security_definer"":true}",authenticated_security_definer_function_executable_public_atlas_contract_catalog_can_manage_p_tenant_id uuid
authenticated_security_definer_function_executable,Signed-In Users Can Execute SECURITY DEFINER Function,WARN,EXTERNAL,"[""SECURITY""]","Detects `SECURITY DEFINER` functions that are callable by signed-in users. Revoke `EXECUTE`, switch the function to `SECURITY INVOKER`, or move it out of your exposed API schema if signed-in users should not call it.",Function `public.atlas_contract_catalog_can_read(p_tenant_id uuid)` can be executed by the `authenticated` role as a `SECURITY DEFINER` function via `/rest/v1/rpc/atlas_contract_catalog_can_read`. Revoke `EXECUTE` or switch it to `SECURITY INVOKER` if that is not intentional.,https://supabase.com/docs/guides/database/database-linter?lint=0029_authenticated_security_definer_function_executable,"{""name"":""atlas_contract_catalog_can_read"",""schema"":""public"",""language"":""sql"",""arguments"":""p_tenant_id uuid"",""security_definer"":true}",authenticated_security_definer_function_executable_public_atlas_contract_catalog_can_read_p_tenant_id uuid
authenticated_security_definer_function_executable,Signed-In Users Can Execute SECURITY DEFINER Function,WARN,EXTERNAL,"[""SECURITY""]","Detects `SECURITY DEFINER` functions that are callable by signed-in users. Revoke `EXECUTE`, switch the function to `SECURITY INVOKER`, or move it out of your exposed API schema if signed-in users should not call it.",Function `public.atlas_contract_catalog_current_role(p_tenant_id uuid)` can be executed by the `authenticated` role as a `SECURITY DEFINER` function via `/rest/v1/rpc/atlas_contract_catalog_current_role`. Revoke `EXECUTE` or switch it to `SECURITY INVOKER` if that is not intentional.,https://supabase.com/docs/guides/database/database-linter?lint=0029_authenticated_security_definer_function_executable,"{""name"":""atlas_contract_catalog_current_role"",""schema"":""public"",""language"":""sql"",""arguments"":""p_tenant_id uuid"",""security_definer"":true}",authenticated_security_definer_function_executable_public_atlas_contract_catalog_current_role_p_tenant_id uuid
authenticated_security_definer_function_executable,Signed-In Users Can Execute SECURITY DEFINER Function,WARN,EXTERNAL,"[""SECURITY""]","Detects `SECURITY DEFINER` functions that are callable by signed-in users. Revoke `EXECUTE`, switch the function to `SECURITY INVOKER`, or move it out of your exposed API schema if signed-in users should not call it.",Function `public.atlas_operational_catalog_can_manage(p_tenant_id uuid)` can be executed by the `authenticated` role as a `SECURITY DEFINER` function via `/rest/v1/rpc/atlas_operational_catalog_can_manage`. Revoke `EXECUTE` or switch it to `SECURITY INVOKER` if that is not intentional.,https://supabase.com/docs/guides/database/database-linter?lint=0029_authenticated_security_definer_function_executable,"{""name"":""atlas_operational_catalog_can_manage"",""schema"":""public"",""language"":""sql"",""arguments"":""p_tenant_id uuid"",""security_definer"":true}",authenticated_security_definer_function_executable_public_atlas_operational_catalog_can_manage_p_tenant_id uuid
authenticated_security_definer_function_executable,Signed-In Users Can Execute SECURITY DEFINER Function,WARN,EXTERNAL,"[""SECURITY""]","Detects `SECURITY DEFINER` functions that are callable by signed-in users. Revoke `EXECUTE`, switch the function to `SECURITY INVOKER`, or move it out of your exposed API schema if signed-in users should not call it.",Function `public.atlas_operational_catalog_can_read(p_tenant_id uuid)` can be executed by the `authenticated` role as a `SECURITY DEFINER` function via `/rest/v1/rpc/atlas_operational_catalog_can_read`. Revoke `EXECUTE` or switch it to `SECURITY INVOKER` if that is not intentional.,https://supabase.com/docs/guides/database/database-linter?lint=0029_authenticated_security_definer_function_executable,"{""name"":""atlas_operational_catalog_can_read"",""schema"":""public"",""language"":""sql"",""arguments"":""p_tenant_id uuid"",""security_definer"":true}",authenticated_security_definer_function_executable_public_atlas_operational_catalog_can_read_p_tenant_id uuid
authenticated_security_definer_function_executable,Signed-In Users Can Execute SECURITY DEFINER Function,WARN,EXTERNAL,"[""SECURITY""]","Detects `SECURITY DEFINER` functions that are callable by signed-in users. Revoke `EXECUTE`, switch the function to `SECURITY INVOKER`, or move it out of your exposed API schema if signed-in users should not call it.",Function `public.atlas_operational_catalog_current_role(p_tenant_id uuid)` can be executed by the `authenticated` role as a `SECURITY DEFINER` function via `/rest/v1/rpc/atlas_operational_catalog_current_role`. Revoke `EXECUTE` or switch it to `SECURITY INVOKER` if that is not intentional.,https://supabase.com/docs/guides/database/database-linter?lint=0029_authenticated_security_definer_function_executable,"{""name"":""atlas_operational_catalog_current_role"",""schema"":""public"",""language"":""sql"",""arguments"":""p_tenant_id uuid"",""security_definer"":true}",authenticated_security_definer_function_executable_public_atlas_operational_catalog_current_role_p_tenant_id uuid
authenticated_security_definer_function_executable,Signed-In Users Can Execute SECURITY DEFINER Function,WARN,EXTERNAL,"[""SECURITY""]","Detects `SECURITY DEFINER` functions that are callable by signed-in users. Revoke `EXECUTE`, switch the function to `SECURITY INVOKER`, or move it out of your exposed API schema if signed-in users should not call it.",Function `public.atlas_operational_catalog_validate_operator_user()` can be executed by the `authenticated` role as a `SECURITY DEFINER` function via `/rest/v1/rpc/atlas_operational_catalog_validate_operator_user`. Revoke `EXECUTE` or switch it to `SECURITY INVOKER` if that is not intentional.,https://supabase.com/docs/guides/database/database-linter?lint=0029_authenticated_security_definer_function_executable,"{""name"":""atlas_operational_catalog_validate_operator_user"",""schema"":""public"",""language"":""plpgsql"",""arguments"":"""",""security_definer"":true}",authenticated_security_definer_function_executable_public_atlas_operational_catalog_validate_operator_user_
authenticated_security_definer_function_executable,Signed-In Users Can Execute SECURITY DEFINER Function,WARN,EXTERNAL,"[""SECURITY""]","Detects `SECURITY DEFINER` functions that are callable by signed-in users. Revoke `EXECUTE`, switch the function to `SECURITY INVOKER`, or move it out of your exposed API schema if signed-in users should not call it.",Function `public.rebuild_ticket_entity_links(p_tenant_id uuid)` can be executed by the `authenticated` role as a `SECURITY DEFINER` function via `/rest/v1/rpc/rebuild_ticket_entity_links`. Revoke `EXECUTE` or switch it to `SECURITY INVOKER` if that is not intentional.,https://supabase.com/docs/guides/database/database-linter?lint=0029_authenticated_security_definer_function_executable,"{""name"":""rebuild_ticket_entity_links"",""schema"":""public"",""language"":""plpgsql"",""arguments"":""p_tenant_id uuid"",""security_definer"":true}",authenticated_security_definer_function_executable_public_rebuild_ticket_entity_links_p_tenant_id uuid
auth_leaked_password_protection,Leaked Password Protection Disabled,WARN,EXTERNAL,"[""SECURITY""]",Leaked password protection is currently disabled.,Supabase Auth prevents the use of compromised passwords by checking against HaveIBeenPwned.org. Enable this feature to enhance security.,https://supabase.com/docs/guides/auth/password-security#password-strength-and-leaked-password-protection,"{""type"":""auth"",""entity"":""Auth""}",auth_leaked_password_protection